{"theta0": 2.383278759528674e-16, "theta1": -0.8561015149626476, "mileage_mean": 101066.25, "mileage_std": 51565.1899106445, "price_mean": 6331.833333333333, "price_std": 1291.8688873961714}